Title,PublishedDate,CrawlDate,ScanNumber
绝不被坑！北京八达岭旅游行内大揭秘！,2016-08-05,2021-03-21,616241
老皇城VS新帝都，北京5日经典线路,2018-08-02,2021-03-21,1509148
北京逛故宫全技能Get！,2016-09-07,2021-03-21,2399340
北京 ｜ 最想留住的是故都的秋天。｜北京赏秋色六日游,2020-09-14,2021-03-21,55724
故宫600年 常走常新 | 北京土著的故宫漫游指南~（含拍照机位哦）,2020-11-10,2021-03-21,40693
4天玩转北京城18个景点，14家美食店！奉上最全干货！,2019-05-04,2021-03-21,104268
北京著名景点都分布在哪里？求一张最全景点地图！,2015-10-14,2021-03-21,9553510
故宫一年之内游客最少的是什么时候？,2016-06-06,2021-03-21,2978155
传说中的“100个京郊好去处”，都有哪些地方？,2017-04-28,2021-03-21,2066947
